id,userId,montant,pdfurl
100,116,585,https://cdn.tests.pdf.com
101,231,5794,https://cdn.tests.pdf.com
102,698,871,https://cdn.tests.pdf.com
103,429,3559,https://cdn.tests.pdf.com
104,112,2066,https://cdn.tests.pdf.com
105,149,3620,https://cdn.tests.pdf.com
106,334,6671,https://cdn.tests.pdf.com
107,260,2451,https://cdn.tests.pdf.com
108,286,3925,https://cdn.tests.pdf.com
109,237,6165,https://cdn.tests.pdf.com
110,154,6170,https://cdn.tests.pdf.com
111,67,1076,https://cdn.tests.pdf.com
112,239,6642,https://cdn.tests.pdf.com
113,923,3429,https://cdn.tests.pdf.com
114,163,1833,https://cdn.tests.pdf.com
115,238,5296,https://cdn.tests.pdf.com
116,50,2292,https://cdn.tests.pdf.com
117,608,6931,https://cdn.tests.pdf.com
118,836,1871,https://cdn.tests.pdf.com
119,623,3581,https://cdn.tests.pdf.com
120,407,5974,https://cdn.tests.pdf.com
121,91,4319,https://cdn.tests.pdf.com
122,379,4759,https://cdn.tests.pdf.com
123,124,2411,https://cdn.tests.pdf.com
124,480,6255,https://cdn.tests.pdf.com
125,94,3170,https://cdn.tests.pdf.com
126,146,4768,https://cdn.tests.pdf.com
127,805,4707,https://cdn.tests.pdf.com
128,685,2925,https://cdn.tests.pdf.com
129,539,2754,https://cdn.tests.pdf.com
130,42,5146,https://cdn.tests.pdf.com
131,655,536,https://cdn.tests.pdf.com
132,662,6085,https://cdn.tests.pdf.com
133,2,2037,https://cdn.tests.pdf.com
134,287,4988,https://cdn.tests.pdf.com
135,344,673,https://cdn.tests.pdf.com
136,297,5450,https://cdn.tests.pdf.com
137,689,4827,https://cdn.tests.pdf.com
138,233,5812,https://cdn.tests.pdf.com
139,708,1264,https://cdn.tests.pdf.com
140,692,5232,https://cdn.tests.pdf.com
141,732,5958,https://cdn.tests.pdf.com
142,20,1195,https://cdn.tests.pdf.com
143,137,4823,https://cdn.tests.pdf.com
144,343,5657,https://cdn.tests.pdf.com
145,980,3853,https://cdn.tests.pdf.com
146,1,5507,https://cdn.tests.pdf.com
147,937,6673,https://cdn.tests.pdf.com
148,409,1109,https://cdn.tests.pdf.com
149,780,3497,https://cdn.tests.pdf.com
150,68,5721,https://cdn.tests.pdf.com
151,943,2384,https://cdn.tests.pdf.com
152,694,4856,https://cdn.tests.pdf.com
153,340,2075,https://cdn.tests.pdf.com
154,735,4697,https://cdn.tests.pdf.com
155,397,5900,https://cdn.tests.pdf.com
156,180,3867,https://cdn.tests.pdf.com
157,124,4973,https://cdn.tests.pdf.com
158,725,1504,https://cdn.tests.pdf.com
159,864,6873,https://cdn.tests.pdf.com
160,382,1098,https://cdn.tests.pdf.com
161,424,1368,https://cdn.tests.pdf.com
162,120,3390,https://cdn.tests.pdf.com
163,758,5340,https://cdn.tests.pdf.com
164,61,5742,https://cdn.tests.pdf.com
165,276,4904,https://cdn.tests.pdf.com
166,151,1086,https://cdn.tests.pdf.com
167,496,5970,https://cdn.tests.pdf.com
168,128,6751,https://cdn.tests.pdf.com
169,380,890,https://cdn.tests.pdf.com
170,931,3305,https://cdn.tests.pdf.com
171,661,4785,https://cdn.tests.pdf.com
172,371,553,https://cdn.tests.pdf.com
173,126,3645,https://cdn.tests.pdf.com
174,116,1163,https://cdn.tests.pdf.com
175,738,5503,https://cdn.tests.pdf.com
176,527,6039,https://cdn.tests.pdf.com
177,570,5980,https://cdn.tests.pdf.com
178,156,904,https://cdn.tests.pdf.com
179,14,1333,https://cdn.tests.pdf.com
180,338,6165,https://cdn.tests.pdf.com
181,468,1392,https://cdn.tests.pdf.com
182,967,5728,https://cdn.tests.pdf.com
183,808,5801,https://cdn.tests.pdf.com
184,559,2731,https://cdn.tests.pdf.com
185,250,5169,https://cdn.tests.pdf.com
186,20,6924,https://cdn.tests.pdf.com
187,355,4031,https://cdn.tests.pdf.com
188,839,593,https://cdn.tests.pdf.com
189,133,3034,https://cdn.tests.pdf.com
190,989,4234,https://cdn.tests.pdf.com
191,366,950,https://cdn.tests.pdf.com
192,302,1504,https://cdn.tests.pdf.com
193,644,3099,https://cdn.tests.pdf.com
194,99,3975,https://cdn.tests.pdf.com
195,107,3870,https://cdn.tests.pdf.com
196,785,4644,https://cdn.tests.pdf.com
197,755,5158,https://cdn.tests.pdf.com
198,95,5059,https://cdn.tests.pdf.com
199,305,6785,https://cdn.tests.pdf.com
200,656,532,https://cdn.tests.pdf.com
201,238,3587,https://cdn.tests.pdf.com
202,50,977,https://cdn.tests.pdf.com
203,262,2156,https://cdn.tests.pdf.com
204,984,1402,https://cdn.tests.pdf.com
205,106,6664,https://cdn.tests.pdf.com
206,262,2132,https://cdn.tests.pdf.com
207,96,664,https://cdn.tests.pdf.com
208,901,4028,https://cdn.tests.pdf.com
209,515,6403,https://cdn.tests.pdf.com
210,162,4853,https://cdn.tests.pdf.com
211,59,5273,https://cdn.tests.pdf.com
212,320,1832,https://cdn.tests.pdf.com
213,5,2729,https://cdn.tests.pdf.com
214,609,6108,https://cdn.tests.pdf.com
215,233,4653,https://cdn.tests.pdf.com
216,223,5359,https://cdn.tests.pdf.com
217,593,4687,https://cdn.tests.pdf.com
218,560,1280,https://cdn.tests.pdf.com
219,881,1680,https://cdn.tests.pdf.com
220,934,6636,https://cdn.tests.pdf.com
221,267,6154,https://cdn.tests.pdf.com
222,383,6633,https://cdn.tests.pdf.com
223,83,1286,https://cdn.tests.pdf.com
224,735,2308,https://cdn.tests.pdf.com
225,492,6438,https://cdn.tests.pdf.com
226,848,2995,https://cdn.tests.pdf.com
227,931,826,https://cdn.tests.pdf.com
228,581,3090,https://cdn.tests.pdf.com
229,864,3235,https://cdn.tests.pdf.com
230,368,539,https://cdn.tests.pdf.com
231,270,4307,https://cdn.tests.pdf.com
232,489,1041,https://cdn.tests.pdf.com
233,752,869,https://cdn.tests.pdf.com
234,866,2625,https://cdn.tests.pdf.com
235,153,2369,https://cdn.tests.pdf.com
236,199,2628,https://cdn.tests.pdf.com
237,509,4811,https://cdn.tests.pdf.com
238,8,5679,https://cdn.tests.pdf.com
239,738,3069,https://cdn.tests.pdf.com
240,225,2273,https://cdn.tests.pdf.com
241,564,2424,https://cdn.tests.pdf.com
242,758,5391,https://cdn.tests.pdf.com
243,681,3293,https://cdn.tests.pdf.com
244,95,1652,https://cdn.tests.pdf.com
245,501,3427,https://cdn.tests.pdf.com
246,315,4585,https://cdn.tests.pdf.com
247,554,1023,https://cdn.tests.pdf.com
248,460,3651,https://cdn.tests.pdf.com
249,577,1893,https://cdn.tests.pdf.com
250,209,812,https://cdn.tests.pdf.com
251,796,1574,https://cdn.tests.pdf.com
252,222,814,https://cdn.tests.pdf.com
253,445,5133,https://cdn.tests.pdf.com
254,877,4164,https://cdn.tests.pdf.com
255,527,6238,https://cdn.tests.pdf.com
256,532,5656,https://cdn.tests.pdf.com
257,458,4313,https://cdn.tests.pdf.com
258,321,1263,https://cdn.tests.pdf.com
259,108,3188,https://cdn.tests.pdf.com
260,595,5643,https://cdn.tests.pdf.com
261,576,6652,https://cdn.tests.pdf.com
262,412,2526,https://cdn.tests.pdf.com
263,255,2970,https://cdn.tests.pdf.com
264,329,5450,https://cdn.tests.pdf.com
265,275,5807,https://cdn.tests.pdf.com
266,207,1311,https://cdn.tests.pdf.com
267,486,4298,https://cdn.tests.pdf.com
268,296,6141,https://cdn.tests.pdf.com
269,399,3032,https://cdn.tests.pdf.com
270,15,4963,https://cdn.tests.pdf.com
271,899,6046,https://cdn.tests.pdf.com
272,801,5678,https://cdn.tests.pdf.com
273,344,1018,https://cdn.tests.pdf.com
274,498,5068,https://cdn.tests.pdf.com
275,807,6720,https://cdn.tests.pdf.com
276,304,5057,https://cdn.tests.pdf.com
277,991,6593,https://cdn.tests.pdf.com
278,381,6148,https://cdn.tests.pdf.com
279,902,3269,https://cdn.tests.pdf.com
280,73,4876,https://cdn.tests.pdf.com
281,530,3227,https://cdn.tests.pdf.com
282,80,2586,https://cdn.tests.pdf.com
283,435,5429,https://cdn.tests.pdf.com
284,150,2103,https://cdn.tests.pdf.com
285,236,2210,https://cdn.tests.pdf.com
286,543,2691,https://cdn.tests.pdf.com
287,357,6486,https://cdn.tests.pdf.com
288,95,4754,https://cdn.tests.pdf.com
289,168,4647,https://cdn.tests.pdf.com
290,275,4957,https://cdn.tests.pdf.com
291,370,990,https://cdn.tests.pdf.com
292,334,3278,https://cdn.tests.pdf.com
293,134,4782,https://cdn.tests.pdf.com
294,354,3317,https://cdn.tests.pdf.com
295,634,6657,https://cdn.tests.pdf.com
296,393,6090,https://cdn.tests.pdf.com
297,756,5243,https://cdn.tests.pdf.com
298,973,1864,https://cdn.tests.pdf.com
299,569,4288,https://cdn.tests.pdf.com
300,891,4723,https://cdn.tests.pdf.com
301,280,5417,https://cdn.tests.pdf.com
302,230,5925,https://cdn.tests.pdf.com
303,328,3768,https://cdn.tests.pdf.com
304,335,4475,https://cdn.tests.pdf.com
305,694,1809,https://cdn.tests.pdf.com
306,145,4257,https://cdn.tests.pdf.com
307,989,6249,https://cdn.tests.pdf.com
308,184,6427,https://cdn.tests.pdf.com
309,252,4161,https://cdn.tests.pdf.com
310,462,6122,https://cdn.tests.pdf.com
311,419,5299,https://cdn.tests.pdf.com
312,116,1378,https://cdn.tests.pdf.com
313,743,6553,https://cdn.tests.pdf.com
314,824,6099,https://cdn.tests.pdf.com
315,30,5905,https://cdn.tests.pdf.com
316,656,1478,https://cdn.tests.pdf.com
317,221,2241,https://cdn.tests.pdf.com
318,69,5224,https://cdn.tests.pdf.com
319,590,586,https://cdn.tests.pdf.com
320,781,5238,https://cdn.tests.pdf.com
321,226,2565,https://cdn.tests.pdf.com
322,953,4177,https://cdn.tests.pdf.com
323,316,4484,https://cdn.tests.pdf.com
324,825,5250,https://cdn.tests.pdf.com
325,731,4225,https://cdn.tests.pdf.com
326,954,4174,https://cdn.tests.pdf.com
327,247,1354,https://cdn.tests.pdf.com
328,169,6722,https://cdn.tests.pdf.com
329,306,2298,https://cdn.tests.pdf.com
330,616,5164,https://cdn.tests.pdf.com
331,936,3569,https://cdn.tests.pdf.com
332,472,1737,https://cdn.tests.pdf.com
333,60,6129,https://cdn.tests.pdf.com
334,743,843,https://cdn.tests.pdf.com
335,592,6696,https://cdn.tests.pdf.com
336,113,5236,https://cdn.tests.pdf.com
337,397,5787,https://cdn.tests.pdf.com
338,472,5727,https://cdn.tests.pdf.com
339,141,5926,https://cdn.tests.pdf.com
340,731,6565,https://cdn.tests.pdf.com
341,475,3435,https://cdn.tests.pdf.com
342,726,4364,https://cdn.tests.pdf.com
343,255,1660,https://cdn.tests.pdf.com
344,18,3937,https://cdn.tests.pdf.com
345,716,4175,https://cdn.tests.pdf.com
346,896,3759,https://cdn.tests.pdf.com
347,468,3699,https://cdn.tests.pdf.com
348,246,4151,https://cdn.tests.pdf.com
349,957,3316,https://cdn.tests.pdf.com
350,925,3909,https://cdn.tests.pdf.com
351,547,1008,https://cdn.tests.pdf.com
352,366,4729,https://cdn.tests.pdf.com
353,882,2063,https://cdn.tests.pdf.com
354,957,5892,https://cdn.tests.pdf.com
355,157,1432,https://cdn.tests.pdf.com
356,321,4710,https://cdn.tests.pdf.com
357,584,6074,https://cdn.tests.pdf.com
358,822,4627,https://cdn.tests.pdf.com
359,938,5745,https://cdn.tests.pdf.com
360,230,4341,https://cdn.tests.pdf.com
361,489,1700,https://cdn.tests.pdf.com
362,718,6762,https://cdn.tests.pdf.com
363,388,855,https://cdn.tests.pdf.com
364,153,2540,https://cdn.tests.pdf.com
365,201,2566,https://cdn.tests.pdf.com
366,958,5586,https://cdn.tests.pdf.com
367,515,4409,https://cdn.tests.pdf.com
368,214,1427,https://cdn.tests.pdf.com
369,723,4243,https://cdn.tests.pdf.com
370,975,5465,https://cdn.tests.pdf.com
371,83,6800,https://cdn.tests.pdf.com
372,927,3180,https://cdn.tests.pdf.com
373,449,6616,https://cdn.tests.pdf.com
374,610,5207,https://cdn.tests.pdf.com
375,777,3659,https://cdn.tests.pdf.com
376,73,1515,https://cdn.tests.pdf.com
377,408,5286,https://cdn.tests.pdf.com
378,789,5601,https://cdn.tests.pdf.com
379,763,5280,https://cdn.tests.pdf.com
380,902,3229,https://cdn.tests.pdf.com
381,126,6516,https://cdn.tests.pdf.com
382,582,6169,https://cdn.tests.pdf.com
383,724,591,https://cdn.tests.pdf.com
384,954,5377,https://cdn.tests.pdf.com
385,118,3007,https://cdn.tests.pdf.com
386,467,1093,https://cdn.tests.pdf.com
387,301,4440,https://cdn.tests.pdf.com
388,9,4209,https://cdn.tests.pdf.com
389,214,3914,https://cdn.tests.pdf.com
390,22,6070,https://cdn.tests.pdf.com
391,928,2644,https://cdn.tests.pdf.com
392,254,1190,https://cdn.tests.pdf.com
393,819,5575,https://cdn.tests.pdf.com
394,795,6642,https://cdn.tests.pdf.com
395,317,6412,https://cdn.tests.pdf.com
396,862,910,https://cdn.tests.pdf.com
397,397,1160,https://cdn.tests.pdf.com
398,364,5669,https://cdn.tests.pdf.com
399,400,1361,https://cdn.tests.pdf.com
400,904,488,https://cdn.tests.pdf.com
401,355,4886,https://cdn.tests.pdf.com
402,198,2452,https://cdn.tests.pdf.com
403,521,3506,https://cdn.tests.pdf.com
404,343,1553,https://cdn.tests.pdf.com
405,653,1267,https://cdn.tests.pdf.com
406,524,668,https://cdn.tests.pdf.com
407,977,5826,https://cdn.tests.pdf.com
408,552,3948,https://cdn.tests.pdf.com
409,115,2895,https://cdn.tests.pdf.com
410,667,6931,https://cdn.tests.pdf.com
411,989,3572,https://cdn.tests.pdf.com
412,764,3142,https://cdn.tests.pdf.com
413,999,2632,https://cdn.tests.pdf.com
414,785,2700,https://cdn.tests.pdf.com
415,395,4554,https://cdn.tests.pdf.com
416,889,3899,https://cdn.tests.pdf.com
417,83,2338,https://cdn.tests.pdf.com
418,660,6430,https://cdn.tests.pdf.com
419,784,3557,https://cdn.tests.pdf.com
420,529,4227,https://cdn.tests.pdf.com
421,280,1240,https://cdn.tests.pdf.com
422,834,5277,https://cdn.tests.pdf.com
423,181,1901,https://cdn.tests.pdf.com
424,67,3010,https://cdn.tests.pdf.com
425,59,2647,https://cdn.tests.pdf.com
426,991,6634,https://cdn.tests.pdf.com
427,415,471,https://cdn.tests.pdf.com
428,300,6151,https://cdn.tests.pdf.com
429,619,4884,https://cdn.tests.pdf.com
430,695,2710,https://cdn.tests.pdf.com
431,59,1419,https://cdn.tests.pdf.com
432,658,5732,https://cdn.tests.pdf.com
433,724,4912,https://cdn.tests.pdf.com
434,693,4344,https://cdn.tests.pdf.com
435,269,5784,https://cdn.tests.pdf.com
436,362,6008,https://cdn.tests.pdf.com
437,339,4736,https://cdn.tests.pdf.com
438,933,2445,https://cdn.tests.pdf.com
439,548,3279,https://cdn.tests.pdf.com
440,10,3854,https://cdn.tests.pdf.com
441,737,3330,https://cdn.tests.pdf.com
442,368,673,https://cdn.tests.pdf.com
443,379,908,https://cdn.tests.pdf.com
444,554,723,https://cdn.tests.pdf.com
445,878,1025,https://cdn.tests.pdf.com
446,866,3629,https://cdn.tests.pdf.com
447,954,6822,https://cdn.tests.pdf.com
448,854,6914,https://cdn.tests.pdf.com
449,854,4644,https://cdn.tests.pdf.com
450,76,716,https://cdn.tests.pdf.com
451,339,2449,https://cdn.tests.pdf.com
452,529,5294,https://cdn.tests.pdf.com
453,484,6160,https://cdn.tests.pdf.com
454,666,3179,https://cdn.tests.pdf.com
455,301,5095,https://cdn.tests.pdf.com
456,487,4447,https://cdn.tests.pdf.com
457,593,3226,https://cdn.tests.pdf.com
458,141,1302,https://cdn.tests.pdf.com
459,469,5315,https://cdn.tests.pdf.com
460,289,1112,https://cdn.tests.pdf.com
461,719,2659,https://cdn.tests.pdf.com
462,889,635,https://cdn.tests.pdf.com
463,30,6828,https://cdn.tests.pdf.com
464,540,1715,https://cdn.tests.pdf.com
465,499,5151,https://cdn.tests.pdf.com
466,700,5920,https://cdn.tests.pdf.com
467,351,5765,https://cdn.tests.pdf.com
468,194,6325,https://cdn.tests.pdf.com
469,782,2489,https://cdn.tests.pdf.com
470,346,1219,https://cdn.tests.pdf.com
471,545,2829,https://cdn.tests.pdf.com
472,582,569,https://cdn.tests.pdf.com
473,162,704,https://cdn.tests.pdf.com
474,393,5460,https://cdn.tests.pdf.com
475,818,764,https://cdn.tests.pdf.com
476,559,1956,https://cdn.tests.pdf.com
477,733,2095,https://cdn.tests.pdf.com
478,265,5388,https://cdn.tests.pdf.com
479,138,493,https://cdn.tests.pdf.com
480,386,6966,https://cdn.tests.pdf.com
481,682,2312,https://cdn.tests.pdf.com
482,190,3343,https://cdn.tests.pdf.com
483,832,2843,https://cdn.tests.pdf.com
484,180,4756,https://cdn.tests.pdf.com
485,285,4509,https://cdn.tests.pdf.com
486,506,2009,https://cdn.tests.pdf.com
487,585,5853,https://cdn.tests.pdf.com
488,259,5461,https://cdn.tests.pdf.com
489,139,1815,https://cdn.tests.pdf.com
490,429,2243,https://cdn.tests.pdf.com
491,774,3450,https://cdn.tests.pdf.com
492,853,3022,https://cdn.tests.pdf.com
493,832,3117,https://cdn.tests.pdf.com
494,912,5423,https://cdn.tests.pdf.com
495,527,2514,https://cdn.tests.pdf.com
496,309,5127,https://cdn.tests.pdf.com
497,638,6787,https://cdn.tests.pdf.com
498,703,5463,https://cdn.tests.pdf.com
499,388,5436,https://cdn.tests.pdf.com
500,972,3030,https://cdn.tests.pdf.com
501,7,2251,https://cdn.tests.pdf.com
502,85,4359,https://cdn.tests.pdf.com
503,895,2944,https://cdn.tests.pdf.com
504,178,6027,https://cdn.tests.pdf.com
505,942,2806,https://cdn.tests.pdf.com
506,462,1412,https://cdn.tests.pdf.com
507,55,3112,https://cdn.tests.pdf.com
508,654,2657,https://cdn.tests.pdf.com
509,709,2570,https://cdn.tests.pdf.com
510,849,3288,https://cdn.tests.pdf.com
511,95,6894,https://cdn.tests.pdf.com
512,839,2236,https://cdn.tests.pdf.com
513,901,3558,https://cdn.tests.pdf.com
514,943,1145,https://cdn.tests.pdf.com
515,412,5844,https://cdn.tests.pdf.com
516,526,3096,https://cdn.tests.pdf.com
517,667,6582,https://cdn.tests.pdf.com
518,60,2060,https://cdn.tests.pdf.com
519,695,5179,https://cdn.tests.pdf.com
520,299,4127,https://cdn.tests.pdf.com
521,215,5638,https://cdn.tests.pdf.com
522,561,1483,https://cdn.tests.pdf.com
523,963,1845,https://cdn.tests.pdf.com
524,285,3804,https://cdn.tests.pdf.com
525,531,942,https://cdn.tests.pdf.com
526,294,5762,https://cdn.tests.pdf.com
527,638,2908,https://cdn.tests.pdf.com
528,740,2946,https://cdn.tests.pdf.com
529,949,1828,https://cdn.tests.pdf.com
530,944,2943,https://cdn.tests.pdf.com
531,988,2078,https://cdn.tests.pdf.com
532,897,4203,https://cdn.tests.pdf.com
533,392,6988,https://cdn.tests.pdf.com
534,598,6720,https://cdn.tests.pdf.com
535,143,1010,https://cdn.tests.pdf.com
536,732,1027,https://cdn.tests.pdf.com
537,296,591,https://cdn.tests.pdf.com
538,127,6941,https://cdn.tests.pdf.com
539,327,5533,https://cdn.tests.pdf.com
540,169,736,https://cdn.tests.pdf.com
541,47,4546,https://cdn.tests.pdf.com
542,238,5528,https://cdn.tests.pdf.com
543,172,5829,https://cdn.tests.pdf.com
544,853,6898,https://cdn.tests.pdf.com
545,825,3762,https://cdn.tests.pdf.com
546,86,4881,https://cdn.tests.pdf.com
547,425,2984,https://cdn.tests.pdf.com
548,465,6590,https://cdn.tests.pdf.com
549,40,3755,https://cdn.tests.pdf.com
550,734,2052,https://cdn.tests.pdf.com
551,61,6954,https://cdn.tests.pdf.com
552,283,3572,https://cdn.tests.pdf.com
553,153,4486,https://cdn.tests.pdf.com
554,11,776,https://cdn.tests.pdf.com
555,370,4725,https://cdn.tests.pdf.com
556,478,2374,https://cdn.tests.pdf.com
557,866,3764,https://cdn.tests.pdf.com
558,775,3943,https://cdn.tests.pdf.com
559,264,1732,https://cdn.tests.pdf.com
560,779,1935,https://cdn.tests.pdf.com
561,280,1042,https://cdn.tests.pdf.com
562,278,2186,https://cdn.tests.pdf.com
563,508,3786,https://cdn.tests.pdf.com
564,44,6513,https://cdn.tests.pdf.com
565,709,6296,https://cdn.tests.pdf.com
566,385,2665,https://cdn.tests.pdf.com
567,88,4605,https://cdn.tests.pdf.com
568,904,2482,https://cdn.tests.pdf.com
569,354,2136,https://cdn.tests.pdf.com
570,666,1769,https://cdn.tests.pdf.com
571,485,1624,https://cdn.tests.pdf.com
572,301,5873,https://cdn.tests.pdf.com
573,858,2556,https://cdn.tests.pdf.com
574,421,3573,https://cdn.tests.pdf.com
575,252,3338,https://cdn.tests.pdf.com
576,429,5109,https://cdn.tests.pdf.com
577,711,1199,https://cdn.tests.pdf.com
578,45,3284,https://cdn.tests.pdf.com
579,289,4101,https://cdn.tests.pdf.com
580,506,5525,https://cdn.tests.pdf.com
581,392,1704,https://cdn.tests.pdf.com
582,177,5546,https://cdn.tests.pdf.com
583,383,1865,https://cdn.tests.pdf.com
584,831,3713,https://cdn.tests.pdf.com
585,563,6651,https://cdn.tests.pdf.com
586,564,6733,https://cdn.tests.pdf.com
587,920,4129,https://cdn.tests.pdf.com
588,918,5507,https://cdn.tests.pdf.com
589,986,5423,https://cdn.tests.pdf.com
590,991,762,https://cdn.tests.pdf.com
591,921,3540,https://cdn.tests.pdf.com
592,377,5224,https://cdn.tests.pdf.com
593,420,763,https://cdn.tests.pdf.com
594,801,3603,https://cdn.tests.pdf.com
595,938,6304,https://cdn.tests.pdf.com
596,767,5171,https://cdn.tests.pdf.com
597,570,3259,https://cdn.tests.pdf.com
598,94,6041,https://cdn.tests.pdf.com
599,626,5926,https://cdn.tests.pdf.com
600,16,2159,https://cdn.tests.pdf.com
601,18,5493,https://cdn.tests.pdf.com
602,325,3768,https://cdn.tests.pdf.com
603,376,3789,https://cdn.tests.pdf.com
604,981,614,https://cdn.tests.pdf.com
605,397,2047,https://cdn.tests.pdf.com
606,474,1406,https://cdn.tests.pdf.com
607,644,2847,https://cdn.tests.pdf.com
608,751,2431,https://cdn.tests.pdf.com
609,32,4783,https://cdn.tests.pdf.com
610,239,2029,https://cdn.tests.pdf.com
611,855,2518,https://cdn.tests.pdf.com
612,510,1372,https://cdn.tests.pdf.com
613,783,3972,https://cdn.tests.pdf.com
614,973,6102,https://cdn.tests.pdf.com
615,89,1249,https://cdn.tests.pdf.com
616,79,5883,https://cdn.tests.pdf.com
617,687,1110,https://cdn.tests.pdf.com
618,789,951,https://cdn.tests.pdf.com
619,973,1547,https://cdn.tests.pdf.com
620,964,1393,https://cdn.tests.pdf.com
621,977,6099,https://cdn.tests.pdf.com
622,113,2147,https://cdn.tests.pdf.com
623,428,4013,https://cdn.tests.pdf.com
624,690,3291,https://cdn.tests.pdf.com
625,387,5802,https://cdn.tests.pdf.com
626,130,5816,https://cdn.tests.pdf.com
627,545,6162,https://cdn.tests.pdf.com
628,330,1113,https://cdn.tests.pdf.com
629,182,3356,https://cdn.tests.pdf.com
630,672,3722,https://cdn.tests.pdf.com
631,665,2162,https://cdn.tests.pdf.com
632,568,5612,https://cdn.tests.pdf.com
633,157,5308,https://cdn.tests.pdf.com
634,429,3241,https://cdn.tests.pdf.com
635,762,4581,https://cdn.tests.pdf.com
636,82,4952,https://cdn.tests.pdf.com
637,666,5592,https://cdn.tests.pdf.com
638,729,1320,https://cdn.tests.pdf.com
639,731,3190,https://cdn.tests.pdf.com
640,244,5861,https://cdn.tests.pdf.com
641,491,1619,https://cdn.tests.pdf.com
642,997,1891,https://cdn.tests.pdf.com
643,832,3533,https://cdn.tests.pdf.com
644,314,4952,https://cdn.tests.pdf.com
645,251,2808,https://cdn.tests.pdf.com
646,753,5864,https://cdn.tests.pdf.com
647,423,6635,https://cdn.tests.pdf.com
648,744,6671,https://cdn.tests.pdf.com
649,903,3014,https://cdn.tests.pdf.com
650,656,2449,https://cdn.tests.pdf.com
651,766,2080,https://cdn.tests.pdf.com
652,441,522,https://cdn.tests.pdf.com
653,514,4907,https://cdn.tests.pdf.com
654,238,1659,https://cdn.tests.pdf.com
655,669,2999,https://cdn.tests.pdf.com
656,760,1630,https://cdn.tests.pdf.com
657,580,1135,https://cdn.tests.pdf.com
658,750,3062,https://cdn.tests.pdf.com
659,213,2721,https://cdn.tests.pdf.com
660,954,2876,https://cdn.tests.pdf.com
661,540,5824,https://cdn.tests.pdf.com
662,197,2187,https://cdn.tests.pdf.com
663,388,539,https://cdn.tests.pdf.com
664,137,4340,https://cdn.tests.pdf.com
665,50,1434,https://cdn.tests.pdf.com
666,808,5468,https://cdn.tests.pdf.com
667,290,4743,https://cdn.tests.pdf.com
668,721,4318,https://cdn.tests.pdf.com
669,760,3964,https://cdn.tests.pdf.com
670,757,3965,https://cdn.tests.pdf.com
671,15,4889,https://cdn.tests.pdf.com
672,492,4845,https://cdn.tests.pdf.com
673,738,2297,https://cdn.tests.pdf.com
674,764,4835,https://cdn.tests.pdf.com
675,560,2976,https://cdn.tests.pdf.com
676,601,3357,https://cdn.tests.pdf.com
677,143,3007,https://cdn.tests.pdf.com
678,711,4760,https://cdn.tests.pdf.com
679,317,4579,https://cdn.tests.pdf.com
680,81,1697,https://cdn.tests.pdf.com
681,46,1671,https://cdn.tests.pdf.com
682,542,3310,https://cdn.tests.pdf.com
683,912,6337,https://cdn.tests.pdf.com
684,989,731,https://cdn.tests.pdf.com
685,816,5506,https://cdn.tests.pdf.com
686,458,5635,https://cdn.tests.pdf.com
687,114,3023,https://cdn.tests.pdf.com
688,946,6953,https://cdn.tests.pdf.com
689,74,6564,https://cdn.tests.pdf.com
690,585,5525,https://cdn.tests.pdf.com
691,357,6020,https://cdn.tests.pdf.com
692,456,5702,https://cdn.tests.pdf.com
693,132,3716,https://cdn.tests.pdf.com
694,834,5616,https://cdn.tests.pdf.com
695,928,5304,https://cdn.tests.pdf.com
696,168,2257,https://cdn.tests.pdf.com
697,156,4479,https://cdn.tests.pdf.com
698,467,775,https://cdn.tests.pdf.com
699,159,6753,https://cdn.tests.pdf.com
700,925,5584,https://cdn.tests.pdf.com
701,834,2143,https://cdn.tests.pdf.com
702,229,2254,https://cdn.tests.pdf.com
703,576,5833,https://cdn.tests.pdf.com
704,302,1040,https://cdn.tests.pdf.com
705,543,2842,https://cdn.tests.pdf.com
706,161,4005,https://cdn.tests.pdf.com
707,959,4540,https://cdn.tests.pdf.com
708,66,1589,https://cdn.tests.pdf.com
709,565,2346,https://cdn.tests.pdf.com
710,713,5088,https://cdn.tests.pdf.com
711,551,6662,https://cdn.tests.pdf.com
712,525,1772,https://cdn.tests.pdf.com
713,805,1793,https://cdn.tests.pdf.com
714,340,2129,https://cdn.tests.pdf.com
715,292,6094,https://cdn.tests.pdf.com
716,971,4505,https://cdn.tests.pdf.com
717,97,1591,https://cdn.tests.pdf.com
718,665,5489,https://cdn.tests.pdf.com
719,772,5739,https://cdn.tests.pdf.com
720,267,1696,https://cdn.tests.pdf.com
721,962,818,https://cdn.tests.pdf.com
722,638,6953,https://cdn.tests.pdf.com
723,376,1211,https://cdn.tests.pdf.com
724,324,4534,https://cdn.tests.pdf.com
725,241,6713,https://cdn.tests.pdf.com
726,551,1766,https://cdn.tests.pdf.com
727,824,3144,https://cdn.tests.pdf.com
728,73,2233,https://cdn.tests.pdf.com
729,144,6941,https://cdn.tests.pdf.com
730,962,450,https://cdn.tests.pdf.com
731,536,3533,https://cdn.tests.pdf.com
732,960,1375,https://cdn.tests.pdf.com
733,149,3235,https://cdn.tests.pdf.com
734,29,2928,https://cdn.tests.pdf.com
735,426,3510,https://cdn.tests.pdf.com
736,403,5056,https://cdn.tests.pdf.com
737,247,6120,https://cdn.tests.pdf.com
738,634,4418,https://cdn.tests.pdf.com
739,208,6471,https://cdn.tests.pdf.com
740,520,3544,https://cdn.tests.pdf.com
741,191,812,https://cdn.tests.pdf.com
742,119,3942,https://cdn.tests.pdf.com
743,546,3322,https://cdn.tests.pdf.com
744,165,5507,https://cdn.tests.pdf.com
745,273,2554,https://cdn.tests.pdf.com
746,539,2091,https://cdn.tests.pdf.com
747,584,6655,https://cdn.tests.pdf.com
748,202,5956,https://cdn.tests.pdf.com
749,82,1652,https://cdn.tests.pdf.com
750,61,4392,https://cdn.tests.pdf.com
751,781,5804,https://cdn.tests.pdf.com
752,761,1658,https://cdn.tests.pdf.com
753,302,2992,https://cdn.tests.pdf.com
754,510,1511,https://cdn.tests.pdf.com
755,158,1254,https://cdn.tests.pdf.com
756,635,4112,https://cdn.tests.pdf.com
757,352,4162,https://cdn.tests.pdf.com
758,295,2579,https://cdn.tests.pdf.com
759,282,1803,https://cdn.tests.pdf.com
760,500,2946,https://cdn.tests.pdf.com
761,808,6066,https://cdn.tests.pdf.com
762,641,4310,https://cdn.tests.pdf.com
763,818,6986,https://cdn.tests.pdf.com
764,666,1913,https://cdn.tests.pdf.com
765,662,5171,https://cdn.tests.pdf.com
766,141,4247,https://cdn.tests.pdf.com
767,286,5061,https://cdn.tests.pdf.com
768,784,6419,https://cdn.tests.pdf.com
769,432,2587,https://cdn.tests.pdf.com
770,518,6661,https://cdn.tests.pdf.com
771,321,4726,https://cdn.tests.pdf.com
772,975,3184,https://cdn.tests.pdf.com
773,107,2342,https://cdn.tests.pdf.com
774,67,6212,https://cdn.tests.pdf.com
775,537,993,https://cdn.tests.pdf.com
776,943,3899,https://cdn.tests.pdf.com
777,783,6171,https://cdn.tests.pdf.com
778,967,1694,https://cdn.tests.pdf.com
779,806,1810,https://cdn.tests.pdf.com
780,154,6341,https://cdn.tests.pdf.com
781,460,2778,https://cdn.tests.pdf.com
782,690,6471,https://cdn.tests.pdf.com
783,771,2250,https://cdn.tests.pdf.com
784,80,6405,https://cdn.tests.pdf.com
785,713,2572,https://cdn.tests.pdf.com
786,270,4082,https://cdn.tests.pdf.com
787,910,5239,https://cdn.tests.pdf.com
788,289,2117,https://cdn.tests.pdf.com
789,939,5450,https://cdn.tests.pdf.com
790,50,5354,https://cdn.tests.pdf.com
791,15,3362,https://cdn.tests.pdf.com
792,784,4903,https://cdn.tests.pdf.com
793,859,3152,https://cdn.tests.pdf.com
794,594,5220,https://cdn.tests.pdf.com
795,555,6819,https://cdn.tests.pdf.com
796,360,526,https://cdn.tests.pdf.com
797,184,6027,https://cdn.tests.pdf.com
798,109,1006,https://cdn.tests.pdf.com
799,282,6068,https://cdn.tests.pdf.com
800,13,6094,https://cdn.tests.pdf.com
801,325,5128,https://cdn.tests.pdf.com
802,521,4790,https://cdn.tests.pdf.com
803,931,5060,https://cdn.tests.pdf.com
804,575,2381,https://cdn.tests.pdf.com
805,783,5880,https://cdn.tests.pdf.com
806,111,4752,https://cdn.tests.pdf.com
807,833,4849,https://cdn.tests.pdf.com
808,692,892,https://cdn.tests.pdf.com
809,895,1640,https://cdn.tests.pdf.com
810,733,5491,https://cdn.tests.pdf.com
811,948,5708,https://cdn.tests.pdf.com
812,826,5341,https://cdn.tests.pdf.com
813,348,3324,https://cdn.tests.pdf.com
814,282,6037,https://cdn.tests.pdf.com
815,749,4745,https://cdn.tests.pdf.com
816,741,5826,https://cdn.tests.pdf.com
817,491,5464,https://cdn.tests.pdf.com
818,524,4799,https://cdn.tests.pdf.com
819,175,4393,https://cdn.tests.pdf.com
820,754,1687,https://cdn.tests.pdf.com
821,312,6266,https://cdn.tests.pdf.com
822,134,2827,https://cdn.tests.pdf.com
823,469,936,https://cdn.tests.pdf.com
824,422,2173,https://cdn.tests.pdf.com
825,823,4915,https://cdn.tests.pdf.com
826,6,5834,https://cdn.tests.pdf.com
827,79,1223,https://cdn.tests.pdf.com
828,345,1356,https://cdn.tests.pdf.com
829,719,2842,https://cdn.tests.pdf.com
830,672,5924,https://cdn.tests.pdf.com
831,211,3570,https://cdn.tests.pdf.com
832,619,5362,https://cdn.tests.pdf.com
833,390,6451,https://cdn.tests.pdf.com
834,657,6219,https://cdn.tests.pdf.com
835,945,4794,https://cdn.tests.pdf.com
836,364,3870,https://cdn.tests.pdf.com
837,602,3449,https://cdn.tests.pdf.com
838,52,6006,https://cdn.tests.pdf.com
839,81,1222,https://cdn.tests.pdf.com
840,761,1382,https://cdn.tests.pdf.com
841,621,4905,https://cdn.tests.pdf.com
842,924,3373,https://cdn.tests.pdf.com
843,938,6698,https://cdn.tests.pdf.com
844,373,6102,https://cdn.tests.pdf.com
845,630,2747,https://cdn.tests.pdf.com
846,710,2434,https://cdn.tests.pdf.com
847,809,3271,https://cdn.tests.pdf.com
848,177,4437,https://cdn.tests.pdf.com
849,966,1428,https://cdn.tests.pdf.com
850,892,1671,https://cdn.tests.pdf.com
851,81,5590,https://cdn.tests.pdf.com
852,472,6486,https://cdn.tests.pdf.com
853,35,5254,https://cdn.tests.pdf.com
854,787,4127,https://cdn.tests.pdf.com
855,394,6829,https://cdn.tests.pdf.com
856,628,4448,https://cdn.tests.pdf.com
857,636,4681,https://cdn.tests.pdf.com
858,173,1194,https://cdn.tests.pdf.com
859,69,5212,https://cdn.tests.pdf.com
860,714,3931,https://cdn.tests.pdf.com
861,770,6811,https://cdn.tests.pdf.com
862,90,4704,https://cdn.tests.pdf.com
863,978,5188,https://cdn.tests.pdf.com
864,442,4969,https://cdn.tests.pdf.com
865,840,5955,https://cdn.tests.pdf.com
866,839,6281,https://cdn.tests.pdf.com
867,303,2971,https://cdn.tests.pdf.com
868,162,1328,https://cdn.tests.pdf.com
869,99,2769,https://cdn.tests.pdf.com
870,711,1547,https://cdn.tests.pdf.com
871,694,2320,https://cdn.tests.pdf.com
872,538,6272,https://cdn.tests.pdf.com
873,690,6712,https://cdn.tests.pdf.com
874,281,928,https://cdn.tests.pdf.com
875,440,3986,https://cdn.tests.pdf.com
876,454,5054,https://cdn.tests.pdf.com
877,267,1377,https://cdn.tests.pdf.com
878,793,3126,https://cdn.tests.pdf.com
879,449,1241,https://cdn.tests.pdf.com
880,93,6230,https://cdn.tests.pdf.com
881,49,2155,https://cdn.tests.pdf.com
882,1000,6521,https://cdn.tests.pdf.com
883,551,2199,https://cdn.tests.pdf.com
884,192,667,https://cdn.tests.pdf.com
885,899,5243,https://cdn.tests.pdf.com
886,398,3668,https://cdn.tests.pdf.com
887,286,2316,https://cdn.tests.pdf.com
888,410,714,https://cdn.tests.pdf.com
889,615,4999,https://cdn.tests.pdf.com
890,173,1110,https://cdn.tests.pdf.com
891,522,4547,https://cdn.tests.pdf.com
892,490,634,https://cdn.tests.pdf.com
893,84,5017,https://cdn.tests.pdf.com
894,116,4489,https://cdn.tests.pdf.com
895,113,2089,https://cdn.tests.pdf.com
896,558,3730,https://cdn.tests.pdf.com
897,100,6990,https://cdn.tests.pdf.com
898,413,6693,https://cdn.tests.pdf.com
899,632,833,https://cdn.tests.pdf.com
900,431,4478,https://cdn.tests.pdf.com
901,76,1879,https://cdn.tests.pdf.com
902,787,6848,https://cdn.tests.pdf.com
903,623,2929,https://cdn.tests.pdf.com
904,850,886,https://cdn.tests.pdf.com
905,717,1062,https://cdn.tests.pdf.com
906,125,3975,https://cdn.tests.pdf.com
907,244,4067,https://cdn.tests.pdf.com
908,254,6718,https://cdn.tests.pdf.com
909,831,1624,https://cdn.tests.pdf.com
910,143,3150,https://cdn.tests.pdf.com
911,387,538,https://cdn.tests.pdf.com
912,10,3301,https://cdn.tests.pdf.com
913,499,4375,https://cdn.tests.pdf.com
914,53,4355,https://cdn.tests.pdf.com
915,1,6631,https://cdn.tests.pdf.com
916,612,849,https://cdn.tests.pdf.com
917,29,1958,https://cdn.tests.pdf.com
918,633,4202,https://cdn.tests.pdf.com
919,935,1765,https://cdn.tests.pdf.com
920,759,3496,https://cdn.tests.pdf.com
921,490,3552,https://cdn.tests.pdf.com
922,921,2578,https://cdn.tests.pdf.com
923,473,1421,https://cdn.tests.pdf.com
924,932,3340,https://cdn.tests.pdf.com
925,356,4163,https://cdn.tests.pdf.com
926,837,1227,https://cdn.tests.pdf.com
927,761,6717,https://cdn.tests.pdf.com
928,69,1152,https://cdn.tests.pdf.com
929,44,3348,https://cdn.tests.pdf.com
930,477,6280,https://cdn.tests.pdf.com
931,859,6008,https://cdn.tests.pdf.com
932,887,3682,https://cdn.tests.pdf.com
933,222,3384,https://cdn.tests.pdf.com
934,451,5707,https://cdn.tests.pdf.com
935,889,4297,https://cdn.tests.pdf.com
936,219,6451,https://cdn.tests.pdf.com
937,829,5955,https://cdn.tests.pdf.com
938,996,2355,https://cdn.tests.pdf.com
939,90,6280,https://cdn.tests.pdf.com
940,488,3836,https://cdn.tests.pdf.com
941,553,6299,https://cdn.tests.pdf.com
942,398,5872,https://cdn.tests.pdf.com
943,258,3580,https://cdn.tests.pdf.com
944,669,5284,https://cdn.tests.pdf.com
945,153,2351,https://cdn.tests.pdf.com
946,86,763,https://cdn.tests.pdf.com
947,485,917,https://cdn.tests.pdf.com
948,220,2932,https://cdn.tests.pdf.com
949,86,2820,https://cdn.tests.pdf.com
950,787,6048,https://cdn.tests.pdf.com
951,923,6075,https://cdn.tests.pdf.com
952,784,3865,https://cdn.tests.pdf.com
953,383,789,https://cdn.tests.pdf.com
954,115,3279,https://cdn.tests.pdf.com
955,311,1737,https://cdn.tests.pdf.com
956,671,1671,https://cdn.tests.pdf.com
957,97,874,https://cdn.tests.pdf.com
958,447,4832,https://cdn.tests.pdf.com
959,896,6639,https://cdn.tests.pdf.com
960,38,1464,https://cdn.tests.pdf.com
961,100,1657,https://cdn.tests.pdf.com
962,148,4937,https://cdn.tests.pdf.com
963,89,5333,https://cdn.tests.pdf.com
964,883,1945,https://cdn.tests.pdf.com
965,812,6429,https://cdn.tests.pdf.com
966,759,5527,https://cdn.tests.pdf.com
967,867,2855,https://cdn.tests.pdf.com
968,461,2541,https://cdn.tests.pdf.com
969,819,4687,https://cdn.tests.pdf.com
970,499,782,https://cdn.tests.pdf.com
971,353,4071,https://cdn.tests.pdf.com
972,577,5902,https://cdn.tests.pdf.com
973,30,6473,https://cdn.tests.pdf.com
974,643,6085,https://cdn.tests.pdf.com
975,480,5550,https://cdn.tests.pdf.com
976,777,929,https://cdn.tests.pdf.com
977,375,4754,https://cdn.tests.pdf.com
978,631,517,https://cdn.tests.pdf.com
979,535,3140,https://cdn.tests.pdf.com
980,57,4199,https://cdn.tests.pdf.com
981,388,787,https://cdn.tests.pdf.com
982,574,1427,https://cdn.tests.pdf.com
983,928,5599,https://cdn.tests.pdf.com
984,438,3982,https://cdn.tests.pdf.com
985,409,2557,https://cdn.tests.pdf.com
986,394,1761,https://cdn.tests.pdf.com
987,750,520,https://cdn.tests.pdf.com
988,97,6959,https://cdn.tests.pdf.com
989,698,4646,https://cdn.tests.pdf.com
990,797,5599,https://cdn.tests.pdf.com
991,853,1707,https://cdn.tests.pdf.com
992,115,2811,https://cdn.tests.pdf.com
993,266,6606,https://cdn.tests.pdf.com
994,817,4248,https://cdn.tests.pdf.com
995,744,5121,https://cdn.tests.pdf.com
996,894,2631,https://cdn.tests.pdf.com
997,430,657,https://cdn.tests.pdf.com
998,822,3484,https://cdn.tests.pdf.com
999,750,3795,https://cdn.tests.pdf.com
1000,231,3408,https://cdn.tests.pdf.com
1001,487,4956,https://cdn.tests.pdf.com
1002,74,6324,https://cdn.tests.pdf.com
1003,608,6094,https://cdn.tests.pdf.com
1004,963,3222,https://cdn.tests.pdf.com
1005,32,491,https://cdn.tests.pdf.com
1006,181,3028,https://cdn.tests.pdf.com
1007,178,5077,https://cdn.tests.pdf.com
1008,846,2082,https://cdn.tests.pdf.com
1009,26,2001,https://cdn.tests.pdf.com
1010,52,3397,https://cdn.tests.pdf.com
1011,884,942,https://cdn.tests.pdf.com
1012,472,1225,https://cdn.tests.pdf.com
1013,401,2128,https://cdn.tests.pdf.com
1014,808,2858,https://cdn.tests.pdf.com
1015,459,6595,https://cdn.tests.pdf.com
1016,957,2634,https://cdn.tests.pdf.com
1017,669,3500,https://cdn.tests.pdf.com
1018,55,2543,https://cdn.tests.pdf.com
1019,147,3703,https://cdn.tests.pdf.com
1020,685,1078,https://cdn.tests.pdf.com
1021,323,980,https://cdn.tests.pdf.com
1022,294,2010,https://cdn.tests.pdf.com
1023,399,6636,https://cdn.tests.pdf.com
1024,734,886,https://cdn.tests.pdf.com
1025,936,723,https://cdn.tests.pdf.com
1026,779,585,https://cdn.tests.pdf.com
1027,214,2709,https://cdn.tests.pdf.com
1028,785,5811,https://cdn.tests.pdf.com
1029,39,1793,https://cdn.tests.pdf.com
1030,83,5510,https://cdn.tests.pdf.com
1031,689,477,https://cdn.tests.pdf.com
1032,355,4227,https://cdn.tests.pdf.com
1033,5,4725,https://cdn.tests.pdf.com
1034,814,5076,https://cdn.tests.pdf.com
1035,484,479,https://cdn.tests.pdf.com
1036,135,1474,https://cdn.tests.pdf.com
1037,452,1347,https://cdn.tests.pdf.com
1038,850,6541,https://cdn.tests.pdf.com
1039,244,2772,https://cdn.tests.pdf.com
1040,390,2420,https://cdn.tests.pdf.com
1041,207,5267,https://cdn.tests.pdf.com
1042,761,1281,https://cdn.tests.pdf.com
1043,45,6493,https://cdn.tests.pdf.com
1044,974,2455,https://cdn.tests.pdf.com
1045,331,1126,https://cdn.tests.pdf.com
1046,172,5723,https://cdn.tests.pdf.com
1047,244,6606,https://cdn.tests.pdf.com
1048,622,1535,https://cdn.tests.pdf.com
1049,972,6082,https://cdn.tests.pdf.com
1050,373,4542,https://cdn.tests.pdf.com
1051,885,1104,https://cdn.tests.pdf.com
1052,186,2727,https://cdn.tests.pdf.com
1053,32,542,https://cdn.tests.pdf.com
1054,353,631,https://cdn.tests.pdf.com
1055,897,2922,https://cdn.tests.pdf.com
1056,524,2618,https://cdn.tests.pdf.com
1057,367,4653,https://cdn.tests.pdf.com
1058,185,6561,https://cdn.tests.pdf.com
1059,681,1209,https://cdn.tests.pdf.com
1060,481,5856,https://cdn.tests.pdf.com
1061,266,5757,https://cdn.tests.pdf.com
1062,623,5715,https://cdn.tests.pdf.com
1063,124,6861,https://cdn.tests.pdf.com
1064,703,4094,https://cdn.tests.pdf.com
1065,164,5262,https://cdn.tests.pdf.com
1066,21,6108,https://cdn.tests.pdf.com
1067,793,3298,https://cdn.tests.pdf.com
1068,920,4010,https://cdn.tests.pdf.com
1069,326,1786,https://cdn.tests.pdf.com
1070,556,2522,https://cdn.tests.pdf.com
1071,867,4577,https://cdn.tests.pdf.com
1072,21,6052,https://cdn.tests.pdf.com
1073,842,6770,https://cdn.tests.pdf.com
1074,201,2454,https://cdn.tests.pdf.com
1075,939,1157,https://cdn.tests.pdf.com
1076,390,6955,https://cdn.tests.pdf.com
1077,998,2910,https://cdn.tests.pdf.com
1078,564,1325,https://cdn.tests.pdf.com
1079,38,3762,https://cdn.tests.pdf.com
1080,335,6905,https://cdn.tests.pdf.com
1081,355,804,https://cdn.tests.pdf.com
1082,989,1675,https://cdn.tests.pdf.com
1083,150,6895,https://cdn.tests.pdf.com
1084,623,6911,https://cdn.tests.pdf.com
1085,982,4830,https://cdn.tests.pdf.com
1086,687,5946,https://cdn.tests.pdf.com
1087,418,5279,https://cdn.tests.pdf.com
1088,581,5156,https://cdn.tests.pdf.com
1089,788,3543,https://cdn.tests.pdf.com
1090,512,5096,https://cdn.tests.pdf.com
1091,925,2514,https://cdn.tests.pdf.com
1092,825,5237,https://cdn.tests.pdf.com
1093,298,3725,https://cdn.tests.pdf.com
1094,170,3659,https://cdn.tests.pdf.com
1095,390,1210,https://cdn.tests.pdf.com
1096,37,4961,https://cdn.tests.pdf.com
1097,887,2780,https://cdn.tests.pdf.com
1098,617,4250,https://cdn.tests.pdf.com
1099,305,4264,https://cdn.tests.pdf.com